Time_Hour,Bandwidth_Mbps
0,0.334397
1,0.301694
2,0.359248
3,0.829304
4,0.646237
5,0.417039
6,1.40504
7,1.498
8,2.19967
9,2.47261
10,2.44684
11,2.28601
12,1.87196
13,1.68122
14,2.44026
15,2.41308
16,2.08252
17,1.61548
18,1.65794
19,1.61232
20,1.50734
21,1.79321
22,1.00364
23,0.781798
